[{"fields": {"app_label": "admin", "name": "log entry", "model": "logentry"}, "pk": 1, "model": "contenttypes.contenttype"}, {"fields": {"app_label": "auth", "name": "permission", "model": "permission"}, "pk": 2, "model": "contenttypes.contenttype"}, {"fields": {"app_label": "auth", "name": "group", "model": "group"}, "pk": 3, "model": "contenttypes.contenttype"}, {"fields": {"app_label": "auth", "name": "user", "model": "user"}, "pk": 4, "model": "contenttypes.contenttype"}, {"fields": {"app_label": "contenttypes", "name": "content type", "model": "contenttype"}, "pk": 5, "model": "contenttypes.contenttype"}, {"fields": {"app_label": "sessions", "name": "session", "model": "session"}, "pk": 6, "model": "contenttypes.contenttype"}, {"fields": {"app_label": "reversion", "name": "revision", "model": "revision"}, "pk": 7, "model": "contenttypes.contenttype"}, {"fields": {"app_label": "reversion", "name": "version", "model": "version"}, "pk": 8, "model": "contenttypes.contenttype"}, {"fields": {"app_label": "persons", "name": "person", "model": "person"}, "pk": 9, "model": "contenttypes.contenttype"}, {"fields": {"app_label": "cemeteries", "name": "cemetery", "model": "cemetery"}, "pk": 10, "model": "contenttypes.contenttype"}, {"fields": {"app_label": "registers", "name": "grave", "model": "grave"}, "pk": 11, "model": "contenttypes.contenttype"}, {"fields": {"app_label": "registers", "name": "upcoming funeral", "model": "upcomingfuneral"}, "pk": 12, "model": "contenttypes.contenttype"}, {"fields": {"app_label": "registers", "name": "grave ownership requests register", "model": "graveownershiprequestsregister"}, "pk": 13, "model": "contenttypes.contenttype"}, {"fields": {"app_label": "registers", "name": "grave ownership", "model": "graveownership"}, "pk": 14, "model": "contenttypes.contenttype"}, {"fields": {"app_label": "registers", "name": "contracts register", "model": "contractsregister"}, "pk": 15, "model": "contenttypes.contenttype"}, {"fields": {"app_label": "registers", "name": "graves to expire this year", "model": "gravestoexpirethisyear"}, "pk": 16, "model": "contenttypes.contenttype"}, {"fields": {"app_label": "registers", "name": "funeral monument", "model": "funeralmonument"}, "pk": 17, "model": "contenttypes.contenttype"}, {"fields": {"app_label": "registers", "name": "annual death index register", "model": "annualdeathindexregister"}, "pk": 18, "model": "contenttypes.contenttype"}, {"fields": {"app_label": "registers", "name": "expired grave", "model": "expiredgrave"}, "pk": 19, "model": "contenttypes.contenttype"}, {"fields": {"app_label": "registers", "name": "annual ownerless death register", "model": "annualownerlessdeathregister"}, "pk": 20, "model": "contenttypes.contenttype"}, {"fields": {"app_label": "registers", "name": "upcoming funeral archive", "model": "upcomingfuneralarchive"}, "pk": 21, "model": "contenttypes.contenttype"}, {"fields": {"app_label": "registers", "name": "graves payed this year", "model": "gravespayedthisyear"}, "pk": 22, "model": "contenttypes.contenttype"}, {"fields": {"expire_date": "2015-01-30T08:19:27.384", "session_data": "ZGNiMDY3NTY2YmEyMzI4NjBlNjBmY2Y0M2YyODhjYWI4MTQyNTVkMjp7Il9hdXRoX3VzZXJfaWQiOjEsIl9hdXRoX3VzZXJfaGFzaCI6IjI2MjI1YzdlYzAwNzI2OTQ5ZTEzZTA4MmE3ZGUwZjk2MDM2YzUzN2IiLCJfYXV0aF91c2VyX2JhY2tlbmQiOiJkamFuZ28uY29udHJpYi5hdXRoLmJhY2tlbmRzLk1vZGVsQmFja2VuZCJ9"}, "pk": "ih5b3sumbugyfjxgjgnyx292sn5eh9pp", "model": "sessions.session"}, {"fields": {"object_id": "1", "object_repr": "Bonta Vlad", "format": "json", "revision": 1, "object_id_int": 1, "content_type": 9, "serialized_data": "[{\"model\": \"persons.person\", \"fields\": {\"mobile\": \"\", \"postcode\": \"\", \"first_name\": \"Bonta\", \"gender\": 0, \"address\": \"\", \"date_of_death\": null, \"last_name\": \"Vlad\", \"religion\": 0, \"is_deceased\": false, \"funeral_date\": null, \"birth_place\": \"\", \"birth_date\": null, \"phone\": \"\"}, \"pk\": 1}]"}, "pk": 1, "model": "reversion.version"}, {"fields": {"object_id": "2", "object_repr": "Popescu Ion", "format": "json", "revision": 2, "object_id_int": 2, "content_type": 9, "serialized_data": "[{\"model\": \"persons.person\", \"fields\": {\"mobile\": \"0754676675\", \"postcode\": \"400033\", \"first_name\": \"Popescu\", \"gender\": 1, \"address\": \"Mihai Eminescu nr 14\", \"date_of_death\": \"2014-12-16\", \"last_name\": \"Ion\", \"religion\": 4, \"is_deceased\": true, \"funeral_date\": null, \"birth_place\": \"\", \"birth_date\": \"2009-06-18\", \"phone\": \"0260677453\"}, \"pk\": 2}]"}, "pk": 2, "model": "reversion.version"}, {"fields": {"object_id": "3", "object_repr": "Mihai Eminescu", "format": "json", "revision": 3, "object_id_int": 3, "content_type": 9, "serialized_data": "[{\"model\": \"persons.person\", \"fields\": {\"mobile\": \"\", \"postcode\": \"430033\", \"first_name\": \"Mihai\", \"gender\": 1, \"address\": \"Fabricii nr 4\", \"date_of_death\": null, \"last_name\": \"Eminescu\", \"religion\": 1, \"is_deceased\": false, \"funeral_date\": null, \"birth_place\": \"\", \"birth_date\": \"2012-11-14\", \"phone\": \"0260897756\"}, \"pk\": 3}]"}, "pk": 3, "model": "reversion.version"}, {"fields": {"object_id": "4", "object_repr": "Ana Paucher", "format": "json", "revision": 4, "object_id_int": 4, "content_type": 9, "serialized_data": "[{\"model\": \"persons.person\", \"fields\": {\"mobile\": \"\", \"postcode\": \"\", \"first_name\": \"Ana\", \"gender\": 0, \"address\": \"\", \"date_of_death\": null, \"last_name\": \"Paucher\", \"religion\": 0, \"is_deceased\": false, \"funeral_date\": null, \"birth_place\": \"\", \"birth_date\": null, \"phone\": \"\"}, \"pk\": 4}]"}, "pk": 4, "model": "reversion.version"}, {"fields": {"object_id": "1", "object_repr": "Cluj-Napoca", "format": "json", "revision": 5, "object_id_int": 1, "content_type": 10, "serialized_data": "[{\"model\": \"cemeteries.cemetery\", \"fields\": {\"address\": \"str Invieri nr 10\", \"mobile\": \"0745555111\", \"name\": \"Cluj-Napoca\", \"postcode\": \"43004\", \"phone\": \"0260666999\"}, \"pk\": 1}]"}, "pk": 5, "model": "reversion.version"}, {"fields": {"object_id": "2", "object_repr": "Viata Vesnica", "format": "json", "revision": 6, "object_id_int": 2, "content_type": 10, "serialized_data": "[{\"model\": \"cemeteries.cemetery\", \"fields\": {\"address\": \"Revenirii nr 9\", \"mobile\": \"0756453647\", \"name\": \"Viata Vesnica\", \"postcode\": \"456643\", \"phone\": \"0260987543\"}, \"pk\": 2}]"}, "pk": 6, "model": "reversion.version"}, {"fields": {"object_id": "1", "object_repr": "Cemetery: Viata Vesnica Position: 9", "format": "json", "revision": 7, "object_id_int": 1, "content_type": 11, "serialized_data": "[{\"model\": \"registers.grave\", \"fields\": {\"cemetery\": 2, \"deceased\": 2, \"row\": 8, \"social_services_request\": null, \"owner\": 2, \"surface_area\": \"3.54\", \"position\": 9, \"receipt_number\": 98098023948, \"parcel\": 5, \"image\": \"./download.jpg\", \"has_funeral_constructions\": true}, \"pk\": 1}]"}, "pk": 7, "model": "reversion.version"}, {"fields": {"object_id": "2", "object_repr": "Popescu Ion", "format": "json", "revision": 8, "object_id_int": 2, "content_type": 9, "serialized_data": "[{\"model\": \"persons.person\", \"fields\": {\"mobile\": \"0754676675\", \"postcode\": \"400033\", \"first_name\": \"Popescu\", \"gender\": 1, \"address\": \"Mihai Eminescu nr 14\", \"date_of_death\": \"2014-12-16\", \"last_name\": \"Ion\", \"religion\": 4, \"is_deceased\": true, \"funeral_date\": null, \"birth_place\": \"\", \"birth_date\": \"2009-06-18\", \"phone\": \"0260677453\"}, \"pk\": 2}]"}, "pk": 8, "model": "reversion.version"}, {"fields": {"object_id": "2", "object_repr": "Cemetery: Cluj-Napoca Position: 3", "format": "json", "revision": 9, "object_id_int": 2, "content_type": 11, "serialized_data": "[{\"model\": \"registers.grave\", \"fields\": {\"cemetery\": 1, \"deceased\": null, \"row\": 9, \"social_services_request\": null, \"owner\": 1, \"surface_area\": \"4.2\", \"position\": 3, \"receipt_number\": 9803948503, \"parcel\": 2, \"image\": \"./images.jpg\", \"has_funeral_constructions\": true}, \"pk\": 2}]"}, "pk": 9, "model": "reversion.version"}, {"fields": {"object_id": "1", "object_repr": "Deceased: Popescu Ion Date: 2014-10-07 12:00:00", "format": "json", "revision": 10, "object_id_int": 1, "content_type": 12, "serialized_data": "[{\"model\": \"registers.upcomingfuneralarchive\", \"fields\": {\"deceased\": 2, \"grave\": 1, \"date_added\": \"2015-01-16T09:49:28.822\", \"funeral_date\": \"2014-10-07T12:00:00\"}, \"pk\": 1}]"}, "pk": 10, "model": "reversion.version"}, {"fields": {"object_id": "1", "object_repr": "Bonta Vlad", "format": "json", "revision": 11, "object_id_int": 1, "content_type": 9, "serialized_data": "[{\"model\": \"persons.person\", \"fields\": {\"mobile\": \"\", \"postcode\": \"\", \"first_name\": \"Bonta\", \"gender\": 0, \"address\": \"\", \"date_of_death\": \"2015-01-16\", \"last_name\": \"Vlad\", \"religion\": 0, \"is_deceased\": true, \"funeral_date\": null, \"birth_place\": \"\", \"birth_date\": \"1987-08-05\", \"phone\": \"\"}, \"pk\": 1}]"}, "pk": 11, "model": "reversion.version"}, {"fields": {"object_id": "3", "object_repr": "Cemetery: Cluj-Napoca Position: 5", "format": "json", "revision": 12, "object_id_int": 3, "content_type": 11, "serialized_data": "[{\"model\": \"registers.grave\", \"fields\": {\"cemetery\": 1, \"deceased\": 1, \"row\": 3, \"social_services_request\": null, \"owner\": 1, \"surface_area\": \"5.4\", \"position\": 5, \"receipt_number\": 98394583049, \"parcel\": 80, \"image\": \"./images_LA3eFDH.jpg\", \"has_funeral_constructions\": true}, \"pk\": 3}]"}, "pk": 12, "model": "reversion.version"}, {"fields": {"object_id": "2", "object_repr": "Cemetery: Cluj-Napoca Position: 3", "format": "json", "revision": 13, "object_id_int": 2, "content_type": 11, "serialized_data": "[{\"model\": \"registers.grave\", \"fields\": {\"cemetery\": 1, \"deceased\": null, \"row\": 9, \"social_services_request\": null, \"owner\": 1, \"surface_area\": \"4.2\", \"position\": 3, \"receipt_number\": 9803948503, \"parcel\": 2, \"image\": \"./images_1.jpg\", \"has_funeral_constructions\": true}, \"pk\": 2}]"}, "pk": 13, "model": "reversion.version"}, {"fields": {"object_id": "2", "object_repr": "Deceased: Bonta Vlad Date: 2015-01-19 09:52:39", "format": "json", "revision": 14, "object_id_int": 2, "content_type": 12, "serialized_data": "[{\"model\": \"registers.upcomingfuneral\", \"fields\": {\"deceased\": 1, \"grave\": 1, \"date_added\": \"2015-01-16T09:52:41.556\", \"funeral_date\": \"2015-01-19T09:52:39\"}, \"pk\": 2}]"}, "pk": 14, "model": "reversion.version"}, {"fields": {"object_id": "4", "object_repr": "Cemetery: Cluj-Napoca Position: 23", "format": "json", "revision": 15, "object_id_int": 4, "content_type": 11, "serialized_data": "[{\"model\": \"registers.grave\", \"fields\": {\"cemetery\": 1, \"deceased\": 4, \"row\": 45, \"social_services_request\": 82374982, \"owner\": null, \"surface_area\": \"4.2\", \"position\": 23, \"receipt_number\": 90934803, \"parcel\": 56, \"image\": \"./images_4.jpg\", \"has_funeral_constructions\": true}, \"pk\": 4}]"}, "pk": 15, "model": "reversion.version"}, {"fields": {"object_id": "4", "object_repr": "Ana Paucher", "format": "json", "revision": 16, "object_id_int": 4, "content_type": 9, "serialized_data": "[{\"model\": \"persons.person\", \"fields\": {\"mobile\": \"\", \"postcode\": \"\", \"first_name\": \"Ana\", \"gender\": 0, \"address\": \"\", \"date_of_death\": \"2015-01-16\", \"last_name\": \"Paucher\", \"religion\": 0, \"is_deceased\": true, \"funeral_date\": null, \"birth_place\": \"\", \"birth_date\": null, \"phone\": \"\"}, \"pk\": 4}]"}, "pk": 16, "model": "reversion.version"}, {"fields": {"mobile": "", "phone": "", "date_of_death": "2015-01-16", "gender": 0, "religion": 0, "is_deceased": true, "funeral_date": null, "postcode": "", "last_name": "Vlad", "address": "", "birth_place": "", "first_name": "Bonta", "birth_date": "1987-08-05"}, "pk": 1, "model": "persons.person"}, {"fields": {"mobile": "0754676675", "phone": "0260677453", "date_of_death": "2014-12-16", "gender": 1, "religion": 4, "is_deceased": true, "funeral_date": null, "postcode": "400033", "last_name": "Ion", "address": "Mihai Eminescu nr 14", "birth_place": "", "first_name": "Popescu", "birth_date": "2009-06-18"}, "pk": 2, "model": "persons.person"}, {"fields": {"mobile": "", "phone": "0260897756", "date_of_death": null, "gender": 1, "religion": 1, "is_deceased": false, "funeral_date": null, "postcode": "430033", "last_name": "Eminescu", "address": "Fabricii nr 4", "birth_place": "", "first_name": "Mihai", "birth_date": "2012-11-14"}, "pk": 3, "model": "persons.person"}, {"fields": {"mobile": "", "phone": "", "date_of_death": "2015-01-16", "gender": 0, "religion": 0, "is_deceased": true, "funeral_date": null, "postcode": "", "last_name": "Paucher", "address": "", "birth_place": "", "first_name": "Ana", "birth_date": null}, "pk": 4, "model": "persons.person"}, {"fields": {"phone": "0260666999", "postcode": "43004", "name": "Cluj-Napoca", "address": "str Invieri nr 10", "mobile": "0745555111"}, "pk": 1, "model": "cemeteries.cemetery"}, {"fields": {"phone": "0260987543", "postcode": "456643", "name": "Viata Vesnica", "address": "Revenirii nr 9", "mobile": "0756453647"}, "pk": 2, "model": "cemeteries.cemetery"}, {"fields": {"row": 8, "image": "./download.jpg", "has_funeral_constructions": true, "deceased": 2, "owner": 2, "parcel": 5, "position": 9, "social_services_request": null, "receipt_number": 98098023948, "surface_area": "3.54", "cemetery": 2}, "pk": 1, "model": "registers.grave"}, {"fields": {"row": 9, "image": "./images_1.jpg", "has_funeral_constructions": true, "deceased": null, "owner": 1, "parcel": 2, "position": 3, "social_services_request": null, "receipt_number": 9803948503, "surface_area": "4.2", "cemetery": 1}, "pk": 2, "model": "registers.grave"}, {"fields": {"row": 3, "image": "./images_LA3eFDH.jpg", "has_funeral_constructions": true, "deceased": 1, "owner": 1, "parcel": 80, "position": 5, "social_services_request": null, "receipt_number": 98394583049, "surface_area": "5.4", "cemetery": 1}, "pk": 3, "model": "registers.grave"}, {"fields": {"row": 45, "image": "./images_4.jpg", "has_funeral_constructions": true, "deceased": 4, "owner": null, "parcel": 56, "position": 23, "social_services_request": 82374982, "receipt_number": 90934803, "surface_area": "4.2", "cemetery": 1}, "pk": 4, "model": "registers.grave"}, {"fields": {"funeral_date": "2014-10-07T12:00:00", "grave": 1, "deceased": 2, "date_added": "2015-01-16T09:49:28.822"}, "pk": 1, "model": "registers.upcomingfuneral"}, {"fields": {"funeral_date": "2015-01-19T09:52:39", "grave": 1, "deceased": 1, "date_added": "2015-01-16T09:52:41.556"}, "pk": 2, "model": "registers.upcomingfuneral"}, {"fields": {"current_number": 984509385093480, "infocet_number": 2348237, "registration_date": "2015-01-16T09:56:09", "status": 0}, "pk": 1, "model": "registers.graveownershiprequestsregister"}, {"fields": {"current_number": 9480209895, "infocet_number": 9898903, "registration_date": "2014-12-24T09:56:35", "status": 2}, "pk": 2, "model": "registers.graveownershiprequestsregister"}, {"fields": {"current_number": 95803, "infocet_number": 6735683, "registration_date": "2015-01-13T12:00:00", "status": 4}, "pk": 3, "model": "registers.graveownershiprequestsregister"}, {"fields": {"current_number": 7368734, "infocet_number": 8759837493, "registration_date": "2015-01-12T00:00:00", "status": 0}, "pk": 4, "model": "registers.graveownershiprequestsregister"}, {"fields": {"owned_grave": 1, "person": 2, "expiration_date": "2000-11-01"}, "pk": 1, "model": "registers.graveownership"}, {"fields": {"owned_grave": 2, "person": 1, "expiration_date": "2035-01-16"}, "pk": 2, "model": "registers.graveownership"}, {"fields": {"owned_grave": 3, "person": 1, "expiration_date": "2015-11-01"}, "pk": 3, "model": "registers.graveownership"}, {"fields": {"name": "Can add log entry", "content_type": 1, "codename": "add_logentry"}, "pk": 1, "model": "auth.permission"}, {"fields": {"name": "Can change log entry", "content_type": 1, "codename": "change_logentry"}, "pk": 2, "model": "auth.permission"}, {"fields": {"name": "Can delete log entry", "content_type": 1, "codename": "delete_logentry"}, "pk": 3, "model": "auth.permission"}, {"fields": {"name": "Can add permission", "content_type": 2, "codename": "add_permission"}, "pk": 4, "model": "auth.permission"}, {"fields": {"name": "Can change permission", "content_type": 2, "codename": "change_permission"}, "pk": 5, "model": "auth.permission"}, {"fields": {"name": "Can delete permission", "content_type": 2, "codename": "delete_permission"}, "pk": 6, "model": "auth.permission"}, {"fields": {"name": "Can add group", "content_type": 3, "codename": "add_group"}, "pk": 7, "model": "auth.permission"}, {"fields": {"name": "Can change group", "content_type": 3, "codename": "change_group"}, "pk": 8, "model": "auth.permission"}, {"fields": {"name": "Can delete group", "content_type": 3, "codename": "delete_group"}, "pk": 9, "model": "auth.permission"}, {"fields": {"name": "Can add user", "content_type": 4, "codename": "add_user"}, "pk": 10, "model": "auth.permission"}, {"fields": {"name": "Can change user", "content_type": 4, "codename": "change_user"}, "pk": 11, "model": "auth.permission"}, {"fields": {"name": "Can delete user", "content_type": 4, "codename": "delete_user"}, "pk": 12, "model": "auth.permission"}, {"fields": {"name": "Can add content type", "content_type": 5, "codename": "add_contenttype"}, "pk": 13, "model": "auth.permission"}, {"fields": {"name": "Can change content type", "content_type": 5, "codename": "change_contenttype"}, "pk": 14, "model": "auth.permission"}, {"fields": {"name": "Can delete content type", "content_type": 5, "codename": "delete_contenttype"}, "pk": 15, "model": "auth.permission"}, {"fields": {"name": "Can add session", "content_type": 6, "codename": "add_session"}, "pk": 16, "model": "auth.permission"}, {"fields": {"name": "Can change session", "content_type": 6, "codename": "change_session"}, "pk": 17, "model": "auth.permission"}, {"fields": {"name": "Can delete session", "content_type": 6, "codename": "delete_session"}, "pk": 18, "model": "auth.permission"}, {"fields": {"name": "Can add revision", "content_type": 7, "codename": "add_revision"}, "pk": 19, "model": "auth.permission"}, {"fields": {"name": "Can change revision", "content_type": 7, "codename": "change_revision"}, "pk": 20, "model": "auth.permission"}, {"fields": {"name": "Can delete revision", "content_type": 7, "codename": "delete_revision"}, "pk": 21, "model": "auth.permission"}, {"fields": {"name": "Can add version", "content_type": 8, "codename": "add_version"}, "pk": 22, "model": "auth.permission"}, {"fields": {"name": "Can change version", "content_type": 8, "codename": "change_version"}, "pk": 23, "model": "auth.permission"}, {"fields": {"name": "Can delete version", "content_type": 8, "codename": "delete_version"}, "pk": 24, "model": "auth.permission"}, {"fields": {"name": "Can add person", "content_type": 9, "codename": "add_person"}, "pk": 25, "model": "auth.permission"}, {"fields": {"name": "Can change person", "content_type": 9, "codename": "change_person"}, "pk": 26, "model": "auth.permission"}, {"fields": {"name": "Can delete person", "content_type": 9, "codename": "delete_person"}, "pk": 27, "model": "auth.permission"}, {"fields": {"name": "Can add cemetery", "content_type": 10, "codename": "add_cemetery"}, "pk": 28, "model": "auth.permission"}, {"fields": {"name": "Can change cemetery", "content_type": 10, "codename": "change_cemetery"}, "pk": 29, "model": "auth.permission"}, {"fields": {"name": "Can delete cemetery", "content_type": 10, "codename": "delete_cemetery"}, "pk": 30, "model": "auth.permission"}, {"fields": {"name": "Can add grave", "content_type": 11, "codename": "add_grave"}, "pk": 31, "model": "auth.permission"}, {"fields": {"name": "Can change grave", "content_type": 11, "codename": "change_grave"}, "pk": 32, "model": "auth.permission"}, {"fields": {"name": "Can delete grave", "content_type": 11, "codename": "delete_grave"}, "pk": 33, "model": "auth.permission"}, {"fields": {"name": "Can add upcoming funeral", "content_type": 12, "codename": "add_upcomingfuneral"}, "pk": 34, "model": "auth.permission"}, {"fields": {"name": "Can change upcoming funeral", "content_type": 12, "codename": "change_upcomingfuneral"}, "pk": 35, "model": "auth.permission"}, {"fields": {"name": "Can delete upcoming funeral", "content_type": 12, "codename": "delete_upcomingfuneral"}, "pk": 36, "model": "auth.permission"}, {"fields": {"name": "Can add upcoming funeral archive", "content_type": 12, "codename": "add_upcomingfuneralarchive"}, "pk": 37, "model": "auth.permission"}, {"fields": {"name": "Can change upcoming funeral archive", "content_type": 12, "codename": "change_upcomingfuneralarchive"}, "pk": 38, "model": "auth.permission"}, {"fields": {"name": "Can delete upcoming funeral archive", "content_type": 12, "codename": "delete_upcomingfuneralarchive"}, "pk": 39, "model": "auth.permission"}, {"fields": {"name": "Can add funeral monument", "content_type": 11, "codename": "add_funeralmonument"}, "pk": 40, "model": "auth.permission"}, {"fields": {"name": "Can change funeral monument", "content_type": 11, "codename": "change_funeralmonument"}, "pk": 41, "model": "auth.permission"}, {"fields": {"name": "Can delete funeral monument", "content_type": 11, "codename": "delete_funeralmonument"}, "pk": 42, "model": "auth.permission"}, {"fields": {"name": "Can add annual death index register", "content_type": 9, "codename": "add_annualdeathindexregister"}, "pk": 43, "model": "auth.permission"}, {"fields": {"name": "Can change annual death index register", "content_type": 9, "codename": "change_annualdeathindexregister"}, "pk": 44, "model": "auth.permission"}, {"fields": {"name": "Can delete annual death index register", "content_type": 9, "codename": "delete_annualdeathindexregister"}, "pk": 45, "model": "auth.permission"}, {"fields": {"name": "Can add annual ownerless death register", "content_type": 11, "codename": "add_annualownerlessdeathregister"}, "pk": 46, "model": "auth.permission"}, {"fields": {"name": "Can change annual ownerless death register", "content_type": 11, "codename": "change_annualownerlessdeathregister"}, "pk": 47, "model": "auth.permission"}, {"fields": {"name": "Can delete annual ownerless death register", "content_type": 11, "codename": "delete_annualownerlessdeathregister"}, "pk": 48, "model": "auth.permission"}, {"fields": {"name": "Can add grave ownership requests register", "content_type": 13, "codename": "add_graveownershiprequestsregister"}, "pk": 49, "model": "auth.permission"}, {"fields": {"name": "Can change grave ownership requests register", "content_type": 13, "codename": "change_graveownershiprequestsregister"}, "pk": 50, "model": "auth.permission"}, {"fields": {"name": "Can delete grave ownership requests register", "content_type": 13, "codename": "delete_graveownershiprequestsregister"}, "pk": 51, "model": "auth.permission"}, {"fields": {"name": "Can add expired grave", "content_type": 11, "codename": "add_expiredgrave"}, "pk": 52, "model": "auth.permission"}, {"fields": {"name": "Can change expired grave", "content_type": 11, "codename": "change_expiredgrave"}, "pk": 53, "model": "auth.permission"}, {"fields": {"name": "Can delete expired grave", "content_type": 11, "codename": "delete_expiredgrave"}, "pk": 54, "model": "auth.permission"}, {"fields": {"name": "Can add graves to expire this year", "content_type": 11, "codename": "add_gravestoexpirethisyear"}, "pk": 55, "model": "auth.permission"}, {"fields": {"name": "Can change graves to expire this year", "content_type": 11, "codename": "change_gravestoexpirethisyear"}, "pk": 56, "model": "auth.permission"}, {"fields": {"name": "Can delete graves to expire this year", "content_type": 11, "codename": "delete_gravestoexpirethisyear"}, "pk": 57, "model": "auth.permission"}, {"fields": {"name": "Can add graves payed this year", "content_type": 11, "codename": "add_gravespayedthisyear"}, "pk": 58, "model": "auth.permission"}, {"fields": {"name": "Can change graves payed this year", "content_type": 11, "codename": "change_gravespayedthisyear"}, "pk": 59, "model": "auth.permission"}, {"fields": {"name": "Can delete graves payed this year", "content_type": 11, "codename": "delete_gravespayedthisyear"}, "pk": 60, "model": "auth.permission"}, {"fields": {"name": "Can add grave ownership", "content_type": 14, "codename": "add_graveownership"}, "pk": 61, "model": "auth.permission"}, {"fields": {"name": "Can change grave ownership", "content_type": 14, "codename": "change_graveownership"}, "pk": 62, "model": "auth.permission"}, {"fields": {"name": "Can delete grave ownership", "content_type": 14, "codename": "delete_graveownership"}, "pk": 63, "model": "auth.permission"}, {"fields": {"name": "Can add contracts register", "content_type": 15, "codename": "add_contractsregister"}, "pk": 64, "model": "auth.permission"}, {"fields": {"name": "Can change contracts register", "content_type": 15, "codename": "change_contractsregister"}, "pk": 65, "model": "auth.permission"}, {"fields": {"name": "Can delete contracts register", "content_type": 15, "codename": "delete_contractsregister"}, "pk": 66, "model": "auth.permission"}, {"fields": {"is_superuser": true, "password": "pbkdf2_sha256$12000$kusyDQWO2c52$sHilNsAXor0npnowg5uwsqmK9oZ3yfxXSXHgUhR+Iaw=", "email": "bonta.vlad@gmail.com", "last_login": "2015-01-16T08:19:27.375", "date_joined": "2015-01-15T23:58:11.829", "groups": [], "is_active": true, "last_name": "", "user_permissions": [], "first_name": "", "username": "vlad", "is_staff": true}, "pk": 1, "model": "auth.user"}, {"fields": {"comment": "Initial version.", "user": 1, "manager_slug": "default", "date_created": "2015-01-16T08:53:44.272"}, "pk": 1, "model": "reversion.revision"}, {"fields": {"comment": "Initial version.", "user": 1, "manager_slug": "default", "date_created": "2015-01-16T09:38:58.085"}, "pk": 2, "model": "reversion.revision"}, {"fields": {"comment": "Initial version.", "user": 1, "manager_slug": "default", "date_created": "2015-01-16T09:40:06.169"}, "pk": 3, "model": "reversion.revision"}, {"fields": {"comment": "Initial version.", "user": 1, "manager_slug": "default", "date_created": "2015-01-16T09:40:22.995"}, "pk": 4, "model": "reversion.revision"}, {"fields": {"comment": "Initial version.", "user": 1, "manager_slug": "default", "date_created": "2015-01-16T09:41:10.549"}, "pk": 5, "model": "reversion.revision"}, {"fields": {"comment": "Initial version.", "user": 1, "manager_slug": "default", "date_created": "2015-01-16T09:42:56.622"}, "pk": 6, "model": "reversion.revision"}, {"fields": {"comment": "Initial version.", "user": 1, "manager_slug": "default", "date_created": "2015-01-16T09:46:50.286"}, "pk": 7, "model": "reversion.revision"}, {"fields": {"comment": "No fields changed.", "user": 1, "manager_slug": "default", "date_created": "2015-01-16T09:47:25.640"}, "pk": 8, "model": "reversion.revision"}, {"fields": {"comment": "Initial version.", "user": 1, "manager_slug": "default", "date_created": "2015-01-16T09:48:38.083"}, "pk": 9, "model": "reversion.revision"}, {"fields": {"comment": "Initial version.", "user": 1, "manager_slug": "default", "date_created": "2015-01-16T09:49:28.826"}, "pk": 10, "model": "reversion.revision"}, {"fields": {"comment": "Changed birth_date, is_deceased and date_of_death.", "user": 1, "manager_slug": "default", "date_created": "2015-01-16T09:50:59.458"}, "pk": 11, "model": "reversion.revision"}, {"fields": {"comment": "Initial version.", "user": 1, "manager_slug": "default", "date_created": "2015-01-16T09:51:57.208"}, "pk": 12, "model": "reversion.revision"}, {"fields": {"comment": "Changed image.", "user": 1, "manager_slug": "default", "date_created": "2015-01-16T09:52:14.996"}, "pk": 13, "model": "reversion.revision"}, {"fields": {"comment": "Initial version.", "user": 1, "manager_slug": "default", "date_created": "2015-01-16T09:52:41.560"}, "pk": 14, "model": "reversion.revision"}, {"fields": {"comment": "Initial version.", "user": 1, "manager_slug": "default", "date_created": "2015-01-16T10:00:29.930"}, "pk": 15, "model": "reversion.revision"}, {"fields": {"comment": "Changed is_deceased and date_of_death.", "user": 1, "manager_slug": "default", "date_created": "2015-01-16T10:00:43.343"}, "pk": 16, "model": "reversion.revision"}, {"fields": {"user": 1, "object_repr": "Bonta Vlad", "object_id": "1", "change_message": "", "action_time": "2015-01-16T08:53:44.255", "content_type": 9, "action_flag": 1}, "pk": 1, "model": "admin.logentry"}, {"fields": {"user": 1, "object_repr": "Popescu Ion", "object_id": "2", "change_message": "", "action_time": "2015-01-16T09:38:58.083", "content_type": 9, "action_flag": 1}, "pk": 2, "model": "admin.logentry"}, {"fields": {"user": 1, "object_repr": "Mihai Eminescu", "object_id": "3", "change_message": "", "action_time": "2015-01-16T09:40:06.167", "content_type": 9, "action_flag": 1}, "pk": 3, "model": "admin.logentry"}, {"fields": {"user": 1, "object_repr": "Ana Paucher", "object_id": "4", "change_message": "", "action_time": "2015-01-16T09:40:22.992", "content_type": 9, "action_flag": 1}, "pk": 4, "model": "admin.logentry"}, {"fields": {"user": 1, "object_repr": "Cluj-Napoca", "object_id": "1", "change_message": "", "action_time": "2015-01-16T09:41:10.546", "content_type": 10, "action_flag": 1}, "pk": 5, "model": "admin.logentry"}, {"fields": {"user": 1, "object_repr": "Viata Vesnica", "object_id": "2", "change_message": "", "action_time": "2015-01-16T09:42:56.620", "content_type": 10, "action_flag": 1}, "pk": 6, "model": "admin.logentry"}, {"fields": {"user": 1, "object_repr": "Cemetery: Viata Vesnica Position: 9", "object_id": "1", "change_message": "", "action_time": "2015-01-16T09:46:50.284", "content_type": 11, "action_flag": 1}, "pk": 7, "model": "admin.logentry"}, {"fields": {"user": 1, "object_repr": "Popescu Ion", "object_id": "2", "change_message": "No fields changed.", "action_time": "2015-01-16T09:47:25.638", "content_type": 9, "action_flag": 2}, "pk": 8, "model": "admin.logentry"}, {"fields": {"user": 1, "object_repr": "Cemetery: Cluj-Napoca Position: 3", "object_id": "2", "change_message": "", "action_time": "2015-01-16T09:48:38.082", "content_type": 11, "action_flag": 1}, "pk": 9, "model": "admin.logentry"}, {"fields": {"user": 1, "object_repr": "Deceased: Popescu Ion Date: 2014-10-07 12:00:00", "object_id": "1", "change_message": "", "action_time": "2015-01-16T09:49:28.823", "content_type": 21, "action_flag": 1}, "pk": 10, "model": "admin.logentry"}, {"fields": {"user": 1, "object_repr": "Bonta Vlad", "object_id": "1", "change_message": "Changed birth_date, is_deceased and date_of_death.", "action_time": "2015-01-16T09:50:59.454", "content_type": 9, "action_flag": 2}, "pk": 11, "model": "admin.logentry"}, {"fields": {"user": 1, "object_repr": "Cemetery: Cluj-Napoca Position: 5", "object_id": "3", "change_message": "", "action_time": "2015-01-16T09:51:57.205", "content_type": 11, "action_flag": 1}, "pk": 12, "model": "admin.logentry"}, {"fields": {"user": 1, "object_repr": "Cemetery: Cluj-Napoca Position: 3", "object_id": "2", "change_message": "Changed image.", "action_time": "2015-01-16T09:52:14.995", "content_type": 11, "action_flag": 2}, "pk": 13, "model": "admin.logentry"}, {"fields": {"user": 1, "object_repr": "Deceased: Bonta Vlad Date: 2015-01-19 09:52:39", "object_id": "2", "change_message": "", "action_time": "2015-01-16T09:52:41.558", "content_type": 12, "action_flag": 1}, "pk": 14, "model": "admin.logentry"}, {"fields": {"user": 1, "object_repr": "GraveOwnershipRequestsRegister object", "object_id": "1", "change_message": "", "action_time": "2015-01-16T09:56:23.346", "content_type": 13, "action_flag": 1}, "pk": 15, "model": "admin.logentry"}, {"fields": {"user": 1, "object_repr": "GraveOwnershipRequestsRegister object", "object_id": "2", "change_message": "", "action_time": "2015-01-16T09:56:41.446", "content_type": 13, "action_flag": 1}, "pk": 16, "model": "admin.logentry"}, {"fields": {"user": 1, "object_repr": "GraveOwnershipRequestsRegister object", "object_id": "3", "change_message": "", "action_time": "2015-01-16T09:56:59.763", "content_type": 13, "action_flag": 1}, "pk": 17, "model": "admin.logentry"}, {"fields": {"user": 1, "object_repr": "GraveOwnershipRequestsRegister object", "object_id": "4", "change_message": "", "action_time": "2015-01-16T09:57:12.170", "content_type": 13, "action_flag": 1}, "pk": 18, "model": "admin.logentry"}, {"fields": {"user": 1, "object_repr": "Cemetery: Cluj-Napoca Position: 23", "object_id": "4", "change_message": "", "action_time": "2015-01-16T10:00:29.928", "content_type": 11, "action_flag": 1}, "pk": 19, "model": "admin.logentry"}, {"fields": {"user": 1, "object_repr": "Ana Paucher", "object_id": "4", "change_message": "Changed is_deceased and date_of_death.", "action_time": "2015-01-16T10:00:43.340", "content_type": 9, "action_flag": 2}, "pk": 20, "model": "admin.logentry"}]