[{"model": "contenttypes.contenttype", "fields": {"model": "logentry", "app_label": "admin", "name": "log entry"}, "pk": 1}, {"model": "contenttypes.contenttype", "fields": {"model": "permission", "app_label": "auth", "name": "permission"}, "pk": 2}, {"model": "contenttypes.contenttype", "fields": {"model": "group", "app_label": "auth", "name": "group"}, "pk": 3}, {"model": "contenttypes.contenttype", "fields": {"model": "user", "app_label": "auth", "name": "user"}, "pk": 4}, {"model": "contenttypes.contenttype", "fields": {"model": "contenttype", "app_label": "contenttypes", "name": "content type"}, "pk": 5}, {"model": "contenttypes.contenttype", "fields": {"model": "session", "app_label": "sessions", "name": "session"}, "pk": 6}, {"model": "contenttypes.contenttype", "fields": {"model": "revision", "app_label": "reversion", "name": "revision"}, "pk": 7}, {"model": "contenttypes.contenttype", "fields": {"model": "version", "app_label": "reversion", "name": "version"}, "pk": 8}, {"model": "contenttypes.contenttype", "fields": {"model": "person", "app_label": "persons", "name": "person"}, "pk": 9}, {"model": "contenttypes.contenttype", "fields": {"model": "cemetery", "app_label": "cemeteries", "name": "cemetery"}, "pk": 10}, {"model": "contenttypes.contenttype", "fields": {"model": "grave", "app_label": "registers", "name": "grave"}, "pk": 11}, {"model": "contenttypes.contenttype", "fields": {"model": "upcomingfuneral", "app_label": "registers", "name": "upcoming funeral"}, "pk": 12}, {"model": "contenttypes.contenttype", "fields": {"model": "graveownershiprequestsregister", "app_label": "registers", "name": "grave ownership requests register"}, "pk": 13}, {"model": "contenttypes.contenttype", "fields": {"model": "graveownership", "app_label": "registers", "name": "grave ownership"}, "pk": 14}, {"model": "contenttypes.contenttype", "fields": {"model": "contractsregister", "app_label": "registers", "name": "contracts register"}, "pk": 15}, {"model": "contenttypes.contenttype", "fields": {"model": "gravestoexpirethisyear", "app_label": "registers", "name": "graves to expire this year"}, "pk": 16}, {"model": "contenttypes.contenttype", "fields": {"model": "funeralmonument", "app_label": "registers", "name": "funeral monument"}, "pk": 17}, {"model": "contenttypes.contenttype", "fields": {"model": "annualdeathindexregister", "app_label": "registers", "name": "annual death index register"}, "pk": 18}, {"model": "contenttypes.contenttype", "fields": {"model": "expiredgrave", "app_label": "registers", "name": "expired grave"}, "pk": 19}, {"model": "contenttypes.contenttype", "fields": {"model": "annualownerlessdeathregister", "app_label": "registers", "name": "annual ownerless death register"}, "pk": 20}, {"model": "contenttypes.contenttype", "fields": {"model": "upcomingfuneralarchive", "app_label": "registers", "name": "upcoming funeral archive"}, "pk": 21}, {"model": "contenttypes.contenttype", "fields": {"model": "gravespayedthisyear", "app_label": "registers", "name": "graves payed this year"}, "pk": 22}, {"model": "sessions.session", "fields": {"expire_date": "2015-01-30T08:19:27.384", "session_data": "ZGNiMDY3NTY2YmEyMzI4NjBlNjBmY2Y0M2YyODhjYWI4MTQyNTVkMjp7Il9hdXRoX3VzZXJfaWQiOjEsIl9hdXRoX3VzZXJfaGFzaCI6IjI2MjI1YzdlYzAwNzI2OTQ5ZTEzZTA4MmE3ZGUwZjk2MDM2YzUzN2IiLCJfYXV0aF91c2VyX2JhY2tlbmQiOiJkamFuZ28uY29udHJpYi5hdXRoLmJhY2tlbmRzLk1vZGVsQmFja2VuZCJ9"}, "pk": "ih5b3sumbugyfjxgjgnyx292sn5eh9pp"}, {"model": "reversion.version", "fields": {"revision": 1, "object_id": "1", "format": "json", "serialized_data": "[{\"model\": \"persons.person\", \"fields\": {\"mobile\": \"\", \"postcode\": \"\", \"first_name\": \"Bonta\", \"gender\": 0, \"address\": \"\", \"date_of_death\": null, \"last_name\": \"Vlad\", \"religion\": 0, \"is_deceased\": false, \"funeral_date\": null, \"birth_place\": \"\", \"birth_date\": null, \"phone\": \"\"}, \"pk\": 1}]", "object_id_int": 1, "object_repr": "Bonta Vlad", "content_type": 9}, "pk": 1}, {"model": "reversion.version", "fields": {"revision": 2, "object_id": "2", "format": "json", "serialized_data": "[{\"model\": \"persons.person\", \"fields\": {\"mobile\": \"0754676675\", \"postcode\": \"400033\", \"first_name\": \"Popescu\", \"gender\": 1, \"address\": \"Mihai Eminescu nr 14\", \"date_of_death\": \"2014-12-16\", \"last_name\": \"Ion\", \"religion\": 4, \"is_deceased\": true, \"funeral_date\": null, \"birth_place\": \"\", \"birth_date\": \"2009-06-18\", \"phone\": \"0260677453\"}, \"pk\": 2}]", "object_id_int": 2, "object_repr": "Popescu Ion", "content_type": 9}, "pk": 2}, {"model": "reversion.version", "fields": {"revision": 3, "object_id": "3", "format": "json", "serialized_data": "[{\"model\": \"persons.person\", \"fields\": {\"mobile\": \"\", \"postcode\": \"430033\", \"first_name\": \"Mihai\", \"gender\": 1, \"address\": \"Fabricii nr 4\", \"date_of_death\": null, \"last_name\": \"Eminescu\", \"religion\": 1, \"is_deceased\": false, \"funeral_date\": null, \"birth_place\": \"\", \"birth_date\": \"2012-11-14\", \"phone\": \"0260897756\"}, \"pk\": 3}]", "object_id_int": 3, "object_repr": "Mihai Eminescu", "content_type": 9}, "pk": 3}, {"model": "reversion.version", "fields": {"revision": 4, "object_id": "4", "format": "json", "serialized_data": "[{\"model\": \"persons.person\", \"fields\": {\"mobile\": \"\", \"postcode\": \"\", \"first_name\": \"Ana\", \"gender\": 0, \"address\": \"\", \"date_of_death\": null, \"last_name\": \"Paucher\", \"religion\": 0, \"is_deceased\": false, \"funeral_date\": null, \"birth_place\": \"\", \"birth_date\": null, \"phone\": \"\"}, \"pk\": 4}]", "object_id_int": 4, "object_repr": "Ana Paucher", "content_type": 9}, "pk": 4}, {"model": "reversion.version", "fields": {"revision": 5, "object_id": "1", "format": "json", "serialized_data": "[{\"model\": \"cemeteries.cemetery\", \"fields\": {\"address\": \"str Invieri nr 10\", \"mobile\": \"0745555111\", \"name\": \"Cluj-Napoca\", \"postcode\": \"43004\", \"phone\": \"0260666999\"}, \"pk\": 1}]", "object_id_int": 1, "object_repr": "Cluj-Napoca", "content_type": 10}, "pk": 5}, {"model": "reversion.version", "fields": {"revision": 6, "object_id": "2", "format": "json", "serialized_data": "[{\"model\": \"cemeteries.cemetery\", \"fields\": {\"address\": \"Revenirii nr 9\", \"mobile\": \"0756453647\", \"name\": \"Viata Vesnica\", \"postcode\": \"456643\", \"phone\": \"0260987543\"}, \"pk\": 2}]", "object_id_int": 2, "object_repr": "Viata Vesnica", "content_type": 10}, "pk": 6}, {"model": "reversion.version", "fields": {"revision": 7, "object_id": "1", "format": "json", "serialized_data": "[{\"model\": \"registers.grave\", \"fields\": {\"cemetery\": 2, \"deceased\": 2, \"row\": 8, \"social_services_request\": null, \"owner\": 2, \"surface_area\": \"3.54\", \"position\": 9, \"receipt_number\": 98098023948, \"parcel\": 5, \"image\": \"./download.jpg\", \"has_funeral_constructions\": true}, \"pk\": 1}]", "object_id_int": 1, "object_repr": "Cemetery: Viata Vesnica Position: 9", "content_type": 11}, "pk": 7}, {"model": "reversion.version", "fields": {"revision": 8, "object_id": "2", "format": "json", "serialized_data": "[{\"model\": \"persons.person\", \"fields\": {\"mobile\": \"0754676675\", \"postcode\": \"400033\", \"first_name\": \"Popescu\", \"gender\": 1, \"address\": \"Mihai Eminescu nr 14\", \"date_of_death\": \"2014-12-16\", \"last_name\": \"Ion\", \"religion\": 4, \"is_deceased\": true, \"funeral_date\": null, \"birth_place\": \"\", \"birth_date\": \"2009-06-18\", \"phone\": \"0260677453\"}, \"pk\": 2}]", "object_id_int": 2, "object_repr": "Popescu Ion", "content_type": 9}, "pk": 8}, {"model": "reversion.version", "fields": {"revision": 9, "object_id": "2", "format": "json", "serialized_data": "[{\"model\": \"registers.grave\", \"fields\": {\"cemetery\": 1, \"deceased\": null, \"row\": 9, \"social_services_request\": null, \"owner\": 1, \"surface_area\": \"4.2\", \"position\": 3, \"receipt_number\": 9803948503, \"parcel\": 2, \"image\": \"./images.jpg\", \"has_funeral_constructions\": true}, \"pk\": 2}]", "object_id_int": 2, "object_repr": "Cemetery: Cluj-Napoca Position: 3", "content_type": 11}, "pk": 9}, {"model": "reversion.version", "fields": {"revision": 10, "object_id": "1", "format": "json", "serialized_data": "[{\"model\": \"registers.upcomingfuneralarchive\", \"fields\": {\"deceased\": 2, \"grave\": 1, \"date_added\": \"2015-01-16T09:49:28.822\", \"funeral_date\": \"2014-10-07T12:00:00\"}, \"pk\": 1}]", "object_id_int": 1, "object_repr": "Deceased: Popescu Ion Date: 2014-10-07 12:00:00", "content_type": 12}, "pk": 10}, {"model": "reversion.version", "fields": {"revision": 11, "object_id": "1", "format": "json", "serialized_data": "[{\"model\": \"persons.person\", \"fields\": {\"mobile\": \"\", \"postcode\": \"\", \"first_name\": \"Bonta\", \"gender\": 0, \"address\": \"\", \"date_of_death\": \"2015-01-16\", \"last_name\": \"Vlad\", \"religion\": 0, \"is_deceased\": true, \"funeral_date\": null, \"birth_place\": \"\", \"birth_date\": \"1987-08-05\", \"phone\": \"\"}, \"pk\": 1}]", "object_id_int": 1, "object_repr": "Bonta Vlad", "content_type": 9}, "pk": 11}, {"model": "reversion.version", "fields": {"revision": 12, "object_id": "3", "format": "json", "serialized_data": "[{\"model\": \"registers.grave\", \"fields\": {\"cemetery\": 1, \"deceased\": 1, \"row\": 3, \"social_services_request\": null, \"owner\": 1, \"surface_area\": \"5.4\", \"position\": 5, \"receipt_number\": 98394583049, \"parcel\": 80, \"image\": \"./images_LA3eFDH.jpg\", \"has_funeral_constructions\": true}, \"pk\": 3}]", "object_id_int": 3, "object_repr": "Cemetery: Cluj-Napoca Position: 5", "content_type": 11}, "pk": 12}, {"model": "reversion.version", "fields": {"revision": 13, "object_id": "2", "format": "json", "serialized_data": "[{\"model\": \"registers.grave\", \"fields\": {\"cemetery\": 1, \"deceased\": null, \"row\": 9, \"social_services_request\": null, \"owner\": 1, \"surface_area\": \"4.2\", \"position\": 3, \"receipt_number\": 9803948503, \"parcel\": 2, \"image\": \"./images_1.jpg\", \"has_funeral_constructions\": true}, \"pk\": 2}]", "object_id_int": 2, "object_repr": "Cemetery: Cluj-Napoca Position: 3", "content_type": 11}, "pk": 13}, {"model": "reversion.version", "fields": {"revision": 14, "object_id": "2", "format": "json", "serialized_data": "[{\"model\": \"registers.upcomingfuneral\", \"fields\": {\"deceased\": 1, \"grave\": 1, \"date_added\": \"2015-01-16T09:52:41.556\", \"funeral_date\": \"2015-01-19T09:52:39\"}, \"pk\": 2}]", "object_id_int": 2, "object_repr": "Deceased: Bonta Vlad Date: 2015-01-19 09:52:39", "content_type": 12}, "pk": 14}, {"model": "reversion.version", "fields": {"revision": 15, "object_id": "4", "format": "json", "serialized_data": "[{\"model\": \"registers.grave\", \"fields\": {\"cemetery\": 1, \"deceased\": 4, \"row\": 45, \"social_services_request\": 82374982, \"owner\": null, \"surface_area\": \"4.2\", \"position\": 23, \"receipt_number\": 90934803, \"parcel\": 56, \"image\": \"./images_4.jpg\", \"has_funeral_constructions\": true}, \"pk\": 4}]", "object_id_int": 4, "object_repr": "Cemetery: Cluj-Napoca Position: 23", "content_type": 11}, "pk": 15}, {"model": "reversion.version", "fields": {"revision": 16, "object_id": "4", "format": "json", "serialized_data": "[{\"model\": \"persons.person\", \"fields\": {\"mobile\": \"\", \"postcode\": \"\", \"first_name\": \"Ana\", \"gender\": 0, \"address\": \"\", \"date_of_death\": \"2015-01-16\", \"last_name\": \"Paucher\", \"religion\": 0, \"is_deceased\": true, \"funeral_date\": null, \"birth_place\": \"\", \"birth_date\": null, \"phone\": \"\"}, \"pk\": 4}]", "object_id_int": 4, "object_repr": "Ana Paucher", "content_type": 9}, "pk": 16}, {"model": "persons.person", "fields": {"birth_date": "1987-08-05", "gender": 0, "date_of_death": "2015-01-16", "first_name": "Bonta", "mobile": "", "phone": "", "birth_place": "", "last_name": "Vlad", "is_deceased": true, "address": "", "postcode": "", "funeral_date": null, "religion": 0}, "pk": 1}, {"model": "persons.person", "fields": {"birth_date": "2009-06-18", "gender": 1, "date_of_death": "2014-12-16", "first_name": "Popescu", "mobile": "0754676675", "phone": "0260677453", "birth_place": "", "last_name": "Ion", "is_deceased": true, "address": "Mihai Eminescu nr 14", "postcode": "400033", "funeral_date": null, "religion": 4}, "pk": 2}, {"model": "persons.person", "fields": {"birth_date": "2012-11-14", "gender": 1, "date_of_death": null, "first_name": "Mihai", "mobile": "", "phone": "0260897756", "birth_place": "", "last_name": "Eminescu", "is_deceased": false, "address": "Fabricii nr 4", "postcode": "430033", "funeral_date": null, "religion": 1}, "pk": 3}, {"model": "persons.person", "fields": {"birth_date": null, "gender": 0, "date_of_death": "2015-01-16", "first_name": "Ana", "mobile": "", "phone": "", "birth_place": "", "last_name": "Paucher", "is_deceased": true, "address": "", "postcode": "", "funeral_date": null, "religion": 0}, "pk": 4}, {"model": "cemeteries.cemetery", "fields": {"phone": "0260666999", "mobile": "0745555111", "address": "str Invieri nr 10", "name": "Cluj-Napoca", "postcode": "43004"}, "pk": 1}, {"model": "cemeteries.cemetery", "fields": {"phone": "0260987543", "mobile": "0756453647", "address": "Revenirii nr 9", "name": "Viata Vesnica", "postcode": "456643"}, "pk": 2}, {"model": "registers.grave", "fields": {"row": 8, "surface_area": "3.54", "receipt_number": 98098023948, "position": 9, "image": "./download.jpg", "owner": 2, "deceased": 2, "parcel": 5, "cemetery": 2, "has_funeral_constructions": true, "social_services_request": null}, "pk": 1}, {"model": "registers.grave", "fields": {"row": 9, "surface_area": "4.2", "receipt_number": 9803948503, "position": 3, "image": "./images_1.jpg", "owner": 1, "deceased": null, "parcel": 2, "cemetery": 1, "has_funeral_constructions": true, "social_services_request": null}, "pk": 2}, {"model": "registers.grave", "fields": {"row": 3, "surface_area": "5.4", "receipt_number": 98394583049, "position": 5, "image": "./images_LA3eFDH.jpg", "owner": 1, "deceased": 1, "parcel": 80, "cemetery": 1, "has_funeral_constructions": true, "social_services_request": null}, "pk": 3}, {"model": "registers.grave", "fields": {"row": 45, "surface_area": "4.2", "receipt_number": 90934803, "position": 23, "image": "./images_4.jpg", "owner": null, "deceased": 4, "parcel": 56, "cemetery": 1, "has_funeral_constructions": true, "social_services_request": 82374982}, "pk": 4}, {"model": "registers.upcomingfuneral", "fields": {"funeral_date": "2014-10-07T12:00:00", "date_added": "2015-01-16T09:49:28.822", "grave": 1, "deceased": 2}, "pk": 1}, {"model": "registers.upcomingfuneral", "fields": {"funeral_date": "2015-01-19T09:52:39", "date_added": "2015-01-16T09:52:41.556", "grave": 1, "deceased": 1}, "pk": 2}, {"model": "registers.graveownershiprequestsregister", "fields": {"current_number": 984509385093480, "infocet_number": 2348237, "registration_date": "2015-01-16T09:56:09", "status": 0}, "pk": 1}, {"model": "registers.graveownershiprequestsregister", "fields": {"current_number": 9480209895, "infocet_number": 9898903, "registration_date": "2014-12-24T09:56:35", "status": 2}, "pk": 2}, {"model": "registers.graveownershiprequestsregister", "fields": {"current_number": 95803, "infocet_number": 6735683, "registration_date": "2015-01-13T12:00:00", "status": 4}, "pk": 3}, {"model": "registers.graveownershiprequestsregister", "fields": {"current_number": 7368734, "infocet_number": 8759837493, "registration_date": "2015-01-12T00:00:00", "status": 0}, "pk": 4}, {"model": "registers.graveownership", "fields": {"expiration_date": "2000-11-01", "person": 2, "owned_grave": 1}, "pk": 1}, {"model": "registers.graveownership", "fields": {"expiration_date": "2035-01-16", "person": 1, "owned_grave": 2}, "pk": 2}, {"model": "registers.graveownership", "fields": {"expiration_date": "2015-11-01", "person": 1, "owned_grave": 3}, "pk": 3}, {"model": "auth.permission", "fields": {"codename": "add_logentry", "content_type": 1, "name": "Can add log entry"}, "pk": 1}, {"model": "auth.permission", "fields": {"codename": "change_logentry", "content_type": 1, "name": "Can change log entry"}, "pk": 2}, {"model": "auth.permission", "fields": {"codename": "delete_logentry", "content_type": 1, "name": "Can delete log entry"}, "pk": 3}, {"model": "auth.permission", "fields": {"codename": "add_permission", "content_type": 2, "name": "Can add permission"}, "pk": 4}, {"model": "auth.permission", "fields": {"codename": "change_permission", "content_type": 2, "name": "Can change permission"}, "pk": 5}, {"model": "auth.permission", "fields": {"codename": "delete_permission", "content_type": 2, "name": "Can delete permission"}, "pk": 6}, {"model": "auth.permission", "fields": {"codename": "add_group", "content_type": 3, "name": "Can add group"}, "pk": 7}, {"model": "auth.permission", "fields": {"codename": "change_group", "content_type": 3, "name": "Can change group"}, "pk": 8}, {"model": "auth.permission", "fields": {"codename": "delete_group", "content_type": 3, "name": "Can delete group"}, "pk": 9}, {"model": "auth.permission", "fields": {"codename": "add_user", "content_type": 4, "name": "Can add user"}, "pk": 10}, {"model": "auth.permission", "fields": {"codename": "change_user", "content_type": 4, "name": "Can change user"}, "pk": 11}, {"model": "auth.permission", "fields": {"codename": "delete_user", "content_type": 4, "name": "Can delete user"}, "pk": 12}, {"model": "auth.permission", "fields": {"codename": "add_contenttype", "content_type": 5, "name": "Can add content type"}, "pk": 13}, {"model": "auth.permission", "fields": {"codename": "change_contenttype", "content_type": 5, "name": "Can change content type"}, "pk": 14}, {"model": "auth.permission", "fields": {"codename": "delete_contenttype", "content_type": 5, "name": "Can delete content type"}, "pk": 15}, {"model": "auth.permission", "fields": {"codename": "add_session", "content_type": 6, "name": "Can add session"}, "pk": 16}, {"model": "auth.permission", "fields": {"codename": "change_session", "content_type": 6, "name": "Can change session"}, "pk": 17}, {"model": "auth.permission", "fields": {"codename": "delete_session", "content_type": 6, "name": "Can delete session"}, "pk": 18}, {"model": "auth.permission", "fields": {"codename": "add_revision", "content_type": 7, "name": "Can add revision"}, "pk": 19}, {"model": "auth.permission", "fields": {"codename": "change_revision", "content_type": 7, "name": "Can change revision"}, "pk": 20}, {"model": "auth.permission", "fields": {"codename": "delete_revision", "content_type": 7, "name": "Can delete revision"}, "pk": 21}, {"model": "auth.permission", "fields": {"codename": "add_version", "content_type": 8, "name": "Can add version"}, "pk": 22}, {"model": "auth.permission", "fields": {"codename": "change_version", "content_type": 8, "name": "Can change version"}, "pk": 23}, {"model": "auth.permission", "fields": {"codename": "delete_version", "content_type": 8, "name": "Can delete version"}, "pk": 24}, {"model": "auth.permission", "fields": {"codename": "add_person", "content_type": 9, "name": "Can add person"}, "pk": 25}, {"model": "auth.permission", "fields": {"codename": "change_person", "content_type": 9, "name": "Can change person"}, "pk": 26}, {"model": "auth.permission", "fields": {"codename": "delete_person", "content_type": 9, "name": "Can delete person"}, "pk": 27}, {"model": "auth.permission", "fields": {"codename": "add_cemetery", "content_type": 10, "name": "Can add cemetery"}, "pk": 28}, {"model": "auth.permission", "fields": {"codename": "change_cemetery", "content_type": 10, "name": "Can change cemetery"}, "pk": 29}, {"model": "auth.permission", "fields": {"codename": "delete_cemetery", "content_type": 10, "name": "Can delete cemetery"}, "pk": 30}, {"model": "auth.permission", "fields": {"codename": "add_grave", "content_type": 11, "name": "Can add grave"}, "pk": 31}, {"model": "auth.permission", "fields": {"codename": "change_grave", "content_type": 11, "name": "Can change grave"}, "pk": 32}, {"model": "auth.permission", "fields": {"codename": "delete_grave", "content_type": 11, "name": "Can delete grave"}, "pk": 33}, {"model": "auth.permission", "fields": {"codename": "add_upcomingfuneral", "content_type": 12, "name": "Can add upcoming funeral"}, "pk": 34}, {"model": "auth.permission", "fields": {"codename": "change_upcomingfuneral", "content_type": 12, "name": "Can change upcoming funeral"}, "pk": 35}, {"model": "auth.permission", "fields": {"codename": "delete_upcomingfuneral", "content_type": 12, "name": "Can delete upcoming funeral"}, "pk": 36}, {"model": "auth.permission", "fields": {"codename": "add_upcomingfuneralarchive", "content_type": 12, "name": "Can add upcoming funeral archive"}, "pk": 37}, {"model": "auth.permission", "fields": {"codename": "change_upcomingfuneralarchive", "content_type": 12, "name": "Can change upcoming funeral archive"}, "pk": 38}, {"model": "auth.permission", "fields": {"codename": "delete_upcomingfuneralarchive", "content_type": 12, "name": "Can delete upcoming funeral archive"}, "pk": 39}, {"model": "auth.permission", "fields": {"codename": "add_funeralmonument", "content_type": 11, "name": "Can add funeral monument"}, "pk": 40}, {"model": "auth.permission", "fields": {"codename": "change_funeralmonument", "content_type": 11, "name": "Can change funeral monument"}, "pk": 41}, {"model": "auth.permission", "fields": {"codename": "delete_funeralmonument", "content_type": 11, "name": "Can delete funeral monument"}, "pk": 42}, {"model": "auth.permission", "fields": {"codename": "add_annualdeathindexregister", "content_type": 9, "name": "Can add annual death index register"}, "pk": 43}, {"model": "auth.permission", "fields": {"codename": "change_annualdeathindexregister", "content_type": 9, "name": "Can change annual death index register"}, "pk": 44}, {"model": "auth.permission", "fields": {"codename": "delete_annualdeathindexregister", "content_type": 9, "name": "Can delete annual death index register"}, "pk": 45}, {"model": "auth.permission", "fields": {"codename": "add_annualownerlessdeathregister", "content_type": 11, "name": "Can add annual ownerless death register"}, "pk": 46}, {"model": "auth.permission", "fields": {"codename": "change_annualownerlessdeathregister", "content_type": 11, "name": "Can change annual ownerless death register"}, "pk": 47}, {"model": "auth.permission", "fields": {"codename": "delete_annualownerlessdeathregister", "content_type": 11, "name": "Can delete annual ownerless death register"}, "pk": 48}, {"model": "auth.permission", "fields": {"codename": "add_graveownershiprequestsregister", "content_type": 13, "name": "Can add grave ownership requests register"}, "pk": 49}, {"model": "auth.permission", "fields": {"codename": "change_graveownershiprequestsregister", "content_type": 13, "name": "Can change grave ownership requests register"}, "pk": 50}, {"model": "auth.permission", "fields": {"codename": "delete_graveownershiprequestsregister", "content_type": 13, "name": "Can delete grave ownership requests register"}, "pk": 51}, {"model": "auth.permission", "fields": {"codename": "add_expiredgrave", "content_type": 11, "name": "Can add expired grave"}, "pk": 52}, {"model": "auth.permission", "fields": {"codename": "change_expiredgrave", "content_type": 11, "name": "Can change expired grave"}, "pk": 53}, {"model": "auth.permission", "fields": {"codename": "delete_expiredgrave", "content_type": 11, "name": "Can delete expired grave"}, "pk": 54}, {"model": "auth.permission", "fields": {"codename": "add_gravestoexpirethisyear", "content_type": 11, "name": "Can add graves to expire this year"}, "pk": 55}, {"model": "auth.permission", "fields": {"codename": "change_gravestoexpirethisyear", "content_type": 11, "name": "Can change graves to expire this year"}, "pk": 56}, {"model": "auth.permission", "fields": {"codename": "delete_gravestoexpirethisyear", "content_type": 11, "name": "Can delete graves to expire this year"}, "pk": 57}, {"model": "auth.permission", "fields": {"codename": "add_gravespayedthisyear", "content_type": 11, "name": "Can add graves payed this year"}, "pk": 58}, {"model": "auth.permission", "fields": {"codename": "change_gravespayedthisyear", "content_type": 11, "name": "Can change graves payed this year"}, "pk": 59}, {"model": "auth.permission", "fields": {"codename": "delete_gravespayedthisyear", "content_type": 11, "name": "Can delete graves payed this year"}, "pk": 60}, {"model": "auth.permission", "fields": {"codename": "add_graveownership", "content_type": 14, "name": "Can add grave ownership"}, "pk": 61}, {"model": "auth.permission", "fields": {"codename": "change_graveownership", "content_type": 14, "name": "Can change grave ownership"}, "pk": 62}, {"model": "auth.permission", "fields": {"codename": "delete_graveownership", "content_type": 14, "name": "Can delete grave ownership"}, "pk": 63}, {"model": "auth.permission", "fields": {"codename": "add_contractsregister", "content_type": 15, "name": "Can add contracts register"}, "pk": 64}, {"model": "auth.permission", "fields": {"codename": "change_contractsregister", "content_type": 15, "name": "Can change contracts register"}, "pk": 65}, {"model": "auth.permission", "fields": {"codename": "delete_contractsregister", "content_type": 15, "name": "Can delete contracts register"}, "pk": 66}, {"model": "auth.user", "fields": {"password": "pbkdf2_sha256$12000$kusyDQWO2c52$sHilNsAXor0npnowg5uwsqmK9oZ3yfxXSXHgUhR+Iaw=", "is_staff": true, "last_name": "", "is_superuser": true, "is_active": true, "first_name": "", "user_permissions": [], "date_joined": "2015-01-15T23:58:11.829", "username": "vlad", "groups": [], "last_login": "2015-01-16T08:19:27.375", "email": "bonta.vlad@gmail.com"}, "pk": 1}, {"model": "reversion.revision", "fields": {"comment": "Initial version.", "date_created": "2015-01-16T08:53:44.272", "user": 1, "manager_slug": "default"}, "pk": 1}, {"model": "reversion.revision", "fields": {"comment": "Initial version.", "date_created": "2015-01-16T09:38:58.085", "user": 1, "manager_slug": "default"}, "pk": 2}, {"model": "reversion.revision", "fields": {"comment": "Initial version.", "date_created": "2015-01-16T09:40:06.169", "user": 1, "manager_slug": "default"}, "pk": 3}, {"model": "reversion.revision", "fields": {"comment": "Initial version.", "date_created": "2015-01-16T09:40:22.995", "user": 1, "manager_slug": "default"}, "pk": 4}, {"model": "reversion.revision", "fields": {"comment": "Initial version.", "date_created": "2015-01-16T09:41:10.549", "user": 1, "manager_slug": "default"}, "pk": 5}, {"model": "reversion.revision", "fields": {"comment": "Initial version.", "date_created": "2015-01-16T09:42:56.622", "user": 1, "manager_slug": "default"}, "pk": 6}, {"model": "reversion.revision", "fields": {"comment": "Initial version.", "date_created": "2015-01-16T09:46:50.286", "user": 1, "manager_slug": "default"}, "pk": 7}, {"model": "reversion.revision", "fields": {"comment": "No fields changed.", "date_created": "2015-01-16T09:47:25.640", "user": 1, "manager_slug": "default"}, "pk": 8}, {"model": "reversion.revision", "fields": {"comment": "Initial version.", "date_created": "2015-01-16T09:48:38.083", "user": 1, "manager_slug": "default"}, "pk": 9}, {"model": "reversion.revision", "fields": {"comment": "Initial version.", "date_created": "2015-01-16T09:49:28.826", "user": 1, "manager_slug": "default"}, "pk": 10}, {"model": "reversion.revision", "fields": {"comment": "Changed birth_date, is_deceased and date_of_death.", "date_created": "2015-01-16T09:50:59.458", "user": 1, "manager_slug": "default"}, "pk": 11}, {"model": "reversion.revision", "fields": {"comment": "Initial version.", "date_created": "2015-01-16T09:51:57.208", "user": 1, "manager_slug": "default"}, "pk": 12}, {"model": "reversion.revision", "fields": {"comment": "Changed image.", "date_created": "2015-01-16T09:52:14.996", "user": 1, "manager_slug": "default"}, "pk": 13}, {"model": "reversion.revision", "fields": {"comment": "Initial version.", "date_created": "2015-01-16T09:52:41.560", "user": 1, "manager_slug": "default"}, "pk": 14}, {"model": "reversion.revision", "fields": {"comment": "Initial version.", "date_created": "2015-01-16T10:00:29.930", "user": 1, "manager_slug": "default"}, "pk": 15}, {"model": "reversion.revision", "fields": {"comment": "Changed is_deceased and date_of_death.", "date_created": "2015-01-16T10:00:43.343", "user": 1, "manager_slug": "default"}, "pk": 16}, {"model": "admin.logentry", "fields": {"object_id": "1", "user": 1, "content_type": 9, "action_flag": 1, "object_repr": "Bonta Vlad", "action_time": "2015-01-16T08:53:44.255", "change_message": ""}, "pk": 1}, {"model": "admin.logentry", "fields": {"object_id": "2", "user": 1, "content_type": 9, "action_flag": 1, "object_repr": "Popescu Ion", "action_time": "2015-01-16T09:38:58.083", "change_message": ""}, "pk": 2}, {"model": "admin.logentry", "fields": {"object_id": "3", "user": 1, "content_type": 9, "action_flag": 1, "object_repr": "Mihai Eminescu", "action_time": "2015-01-16T09:40:06.167", "change_message": ""}, "pk": 3}, {"model": "admin.logentry", "fields": {"object_id": "4", "user": 1, "content_type": 9, "action_flag": 1, "object_repr": "Ana Paucher", "action_time": "2015-01-16T09:40:22.992", "change_message": ""}, "pk": 4}, {"model": "admin.logentry", "fields": {"object_id": "1", "user": 1, "content_type": 10, "action_flag": 1, "object_repr": "Cluj-Napoca", "action_time": "2015-01-16T09:41:10.546", "change_message": ""}, "pk": 5}, {"model": "admin.logentry", "fields": {"object_id": "2", "user": 1, "content_type": 10, "action_flag": 1, "object_repr": "Viata Vesnica", "action_time": "2015-01-16T09:42:56.620", "change_message": ""}, "pk": 6}, {"model": "admin.logentry", "fields": {"object_id": "1", "user": 1, "content_type": 11, "action_flag": 1, "object_repr": "Cemetery: Viata Vesnica Position: 9", "action_time": "2015-01-16T09:46:50.284", "change_message": ""}, "pk": 7}, {"model": "admin.logentry", "fields": {"object_id": "2", "user": 1, "content_type": 9, "action_flag": 2, "object_repr": "Popescu Ion", "action_time": "2015-01-16T09:47:25.638", "change_message": "No fields changed."}, "pk": 8}, {"model": "admin.logentry", "fields": {"object_id": "2", "user": 1, "content_type": 11, "action_flag": 1, "object_repr": "Cemetery: Cluj-Napoca Position: 3", "action_time": "2015-01-16T09:48:38.082", "change_message": ""}, "pk": 9}, {"model": "admin.logentry", "fields": {"object_id": "1", "user": 1, "content_type": 21, "action_flag": 1, "object_repr": "Deceased: Popescu Ion Date: 2014-10-07 12:00:00", "action_time": "2015-01-16T09:49:28.823", "change_message": ""}, "pk": 10}, {"model": "admin.logentry", "fields": {"object_id": "1", "user": 1, "content_type": 9, "action_flag": 2, "object_repr": "Bonta Vlad", "action_time": "2015-01-16T09:50:59.454", "change_message": "Changed birth_date, is_deceased and date_of_death."}, "pk": 11}, {"model": "admin.logentry", "fields": {"object_id": "3", "user": 1, "content_type": 11, "action_flag": 1, "object_repr": "Cemetery: Cluj-Napoca Position: 5", "action_time": "2015-01-16T09:51:57.205", "change_message": ""}, "pk": 12}, {"model": "admin.logentry", "fields": {"object_id": "2", "user": 1, "content_type": 11, "action_flag": 2, "object_repr": "Cemetery: Cluj-Napoca Position: 3", "action_time": "2015-01-16T09:52:14.995", "change_message": "Changed image."}, "pk": 13}, {"model": "admin.logentry", "fields": {"object_id": "2", "user": 1, "content_type": 12, "action_flag": 1, "object_repr": "Deceased: Bonta Vlad Date: 2015-01-19 09:52:39", "action_time": "2015-01-16T09:52:41.558", "change_message": ""}, "pk": 14}, {"model": "admin.logentry", "fields": {"object_id": "1", "user": 1, "content_type": 13, "action_flag": 1, "object_repr": "GraveOwnershipRequestsRegister object", "action_time": "2015-01-16T09:56:23.346", "change_message": ""}, "pk": 15}, {"model": "admin.logentry", "fields": {"object_id": "2", "user": 1, "content_type": 13, "action_flag": 1, "object_repr": "GraveOwnershipRequestsRegister object", "action_time": "2015-01-16T09:56:41.446", "change_message": ""}, "pk": 16}, {"model": "admin.logentry", "fields": {"object_id": "3", "user": 1, "content_type": 13, "action_flag": 1, "object_repr": "GraveOwnershipRequestsRegister object", "action_time": "2015-01-16T09:56:59.763", "change_message": ""}, "pk": 17}, {"model": "admin.logentry", "fields": {"object_id": "4", "user": 1, "content_type": 13, "action_flag": 1, "object_repr": "GraveOwnershipRequestsRegister object", "action_time": "2015-01-16T09:57:12.170", "change_message": ""}, "pk": 18}, {"model": "admin.logentry", "fields": {"object_id": "4", "user": 1, "content_type": 11, "action_flag": 1, "object_repr": "Cemetery: Cluj-Napoca Position: 23", "action_time": "2015-01-16T10:00:29.928", "change_message": ""}, "pk": 19}, {"model": "admin.logentry", "fields": {"object_id": "4", "user": 1, "content_type": 9, "action_flag": 2, "object_repr": "Ana Paucher", "action_time": "2015-01-16T10:00:43.340", "change_message": "Changed is_deceased and date_of_death."}, "pk": 20}]